{
    "feed": 40, 
    "heaven": -0.5, 
    "sensor_groove_offset": [
        -184.917, 
        -23.485
    ], 
    "home_positions": {
        "A": [
            401.0117, 
            343.5258, 
            -74.6279767308932
        ], 
        "B": [
            296.95484999999996, 
            344.04395, 
            -81.174556737371
        ]
    }, 
    "profilometer_axis": "D", 
    "substrate_refs": {}, 
    "axes": [
        "A", 
        "B"
    ], 
    "middle_search_start": -85, 
    "profile_feed": 15, 
    "z_constant": 42.880204, 
    "z_ref": -96.8847019618899, 
    "calfile_path": "calfile.cal", 
    "groove_crosshair": [
        69.54999950055739, 
        329.35002977522504
    ], 
    "substrate_origins": {}, 
    "z_ref_location": [
        -20, 
        -50
    ], 
    "axes_data": {
        "A": {
            "number": 4, 
            "alignment_location": [
                586.075, 
                367.82
            ]
        }, 
        "C": {
            "number": 6, 
            "alignment_location": [
                378.075, 
                367.82
            ]
        }, 
        "B": {
            "number": 5, 
            "alignment_location": [
                482.075, 
                367.82
            ]
        }, 
        "D": {
            "number": 7, 
            "alignment_location": [
                299.075, 
                367.82
            ]
        }
    }, 
    "substrate_profiles": {}, 
    "substrates": {}
}